                  epoch,         train/box_loss,         train/cls_loss,         train/dfl_loss,   metrics/precision(B),      metrics/recall(B),       metrics/mAP50(B),    metrics/mAP50-95(B),           val/box_loss,           val/cls_loss,           val/dfl_loss,                 lr/pg0,                 lr/pg1,                 lr/pg2
                      1,                 3.1272,                 3.7569,                 4.2154,                0.00467,                0.77778,                 0.0128,                0.00632,                 2.8797,                 6.9632,                 2.7687,                 0.0002,                 0.0002,                 0.0002
                      2,                 3.2029,                 3.6906,                 4.1716,                0.00467,                0.77778,                0.01292,                0.00632,                 2.8579,                 6.9448,                 2.7589,             0.00033684,             0.00033684,             0.00033684
                      3,                 3.2165,                  3.657,                  4.149,                0.00489,                0.81481,                0.01334,                0.00624,                 2.8183,                 6.8945,                 2.7384,             0.00038656,             0.00038656,             0.00038656
                      4,                 3.2742,                 3.6257,                 4.1185,                0.00489,                0.81481,                0.02223,                0.00895,                 2.7615,                  6.867,                  2.713,             0.00034916,             0.00034916,             0.00034916
                      5,                 3.2255,                 3.6384,                 4.0817,                0.00489,                0.81481,                0.01714,                0.00808,                 2.7264,                  6.845,                  2.693,             0.00022464,             0.00022464,             0.00022464
